time,avg_gain
5.0,69.37179
10.0,65.25551
15.0,65.67459
20.0,67.08673
25.0,70.76061
30.0,71.17454
