time,avg_gain
5.0,71.80299
10.0,66.15571
15.0,64.67959
20.0,64.17739
