time,avg_gain
5.0,66.02833
10.0,69.93833
15.0,66.29833
20.0,69.13500
25.0,69.96333
30.0,68.48166
35.0,70.09999
